.,docs,,"COMMITTERS,LICENSE.TXT,NEWS.md"
autotest,tests,,py
autotest/alg,tests/alg,skip,py
autotest/alg/data,tests/alg/data,skip,*
autotest/alg/data/geoloc,tests/alg/data/geoloc,skip,*
autotest/alg/tmp,tests/alg/tmp,skip,*
autotest/cpp,tests/cpp,,"cpp,c,h"
autotest/cpp/data,tests/cpp/data,,*
autotest/cpp/tmp,tests/cpp/tmp,skip,*
autotest/cpp/tut,tests/cpp/tut,,"hpp,h,cpp"
autotest/gcore,tests/gcore,skip,py
autotest/gcore/data,tests/gcore/data,,*
autotest/gcore/data/alos,tests/gcore/data/alos,skip,*
autotest/gcore/data/gtiff,tests/gcore/data/gtiff,skip,*
autotest/gcore/data/spots,tests/gcore/data/spot,skip,*
autotest/gcore/data/vrt,tests/gcore/data/vrt,skip,*
autotest/gcore/tmp,tests/gcore/tmp,skip,*
autotest/gdrivers,tests/gdrivers,skip,py
autotest/gdrivers/data,tests/gdrivers/data,,*
autotest/gdrivers/data/aaigrid,tests/gdrivers/data/aaigrid,,*
autotest/gdrivers/data/adrg,tests/gdrivers/data/adrg,,*
autotest/gdrivers/data/adrg/SMALL_ADRG,tests/gdrivers/data/adrg/SMALL_ADRG,,*
autotest/gdrivers/data/adrg/SMALL_ADRG_ZNA18,tests/gdrivers/data/adrg/SMALL_ADRG_ZNA18,,*
autotest/gdrivers/data/adrg/SMALL_ADRG_ZNA9,tests/gdrivers/data/adrg/SMALL_ADRG_ZNA9,,*
autotest/gdrivers/data/aigrid,tests/gdrivers/data/aigrid,,*
autotest/gdrivers/data/aigrid/abc3x1,tests/gdrivers/data/aigrid/abc3x1,,*
autotest/gdrivers/data/aigrid/ABC3X1UC,tests/gdrivers/data/aigrid/ABC3X1UC,,*
autotest/gdrivers/data/aigrid/aigrid_sta_24bytes,tests/gdrivers/data/aigrid/aigrid_sta_24bytes,,*
autotest/gdrivers/data/aigrid/aigrid_sta_24bytes/info,tests/gdrivers/data/aigrid/aigrid_sta_24bytes/info,,*
autotest/gdrivers/data/aigrid/aigrid_sta_24bytes/teststa,tests/gdrivers/data/aigrid/aigrid_sta_24bytes/teststa,,*
autotest/gdrivers/data/bag,tests/gdrivers/data/bag,,*
autotest/gdrivers/data/blx,tests/gdrivers/data/blx,,*
autotest/gdrivers/data/bsb,tests/gdrivers/data/bsb,,*
autotest/gdrivers/data/byn,tests/gdrivers/data/byn,,*
autotest/gdrivers/data/ceos,tests/gdrivers/data/ceos,,*
autotest/gdrivers/data/cpg,tests/gdrivers/data/cpg,,*
autotest/gdrivers/data/ctg,tests/gdrivers/data/ctg,,*
autotest/gdrivers/data/dds,tests/gdrivers/data/dds,,*
autotest/gdrivers/data/dimap,tests/gdrivers/data/dimap,,*
autotest/gdrivers/data/dimap2,tests/gdrivers/data/dimap2,,*
autotest/gdrivers/data/dimap2/bundle,tests/gdrivers/data/dimap2/bundle,,*
autotest/gdrivers/data/dimap2/single_component,tests/gdrivers/data/dimap2/single_component,,*
autotest/gdrivers/data/dimap2/vhr2020_ms_fs,tests/gdrivers/data/dimap2/vhr2020_ms_fs,,*
autotest/gdrivers/data/dimap2/vhr2020_ms_fs/MS-FS,tests/gdrivers/data/dimap2/vhr2020_ms_fs/MS-FS,,*
autotest/gdrivers/data/dipex,tests/gdrivers/data/dipex,,*
autotest/gdrivers/data/doq1,tests/gdrivers/data/doq1,,*
autotest/gdrivers/data/doq2,tests/gdrivers/data/doq2,,*
autotest/gdrivers/data/dted,tests/gdrivers/data/dted,,*
autotest/gdrivers/data/ecw,tests/gdrivers/data/ecw,,*
autotest/gdrivers/data/ehdr,tests/gdrivers/data/ehdr,,*
autotest/gdrivers/data/eir,tests/gdrivers/data/eir,,*
autotest/gdrivers/data/elas,tests/gdrivers/data/elas,,*
autotest/gdrivers/data/envi,tests/gdrivers/data/envi,,*
autotest/gdrivers/data/ers,tests/gdrivers/data/ers,,*
autotest/gdrivers/data/esric,tests/gdrivers/data/esric,,*
autotest/gdrivers/data/esric/Layers,tests/gdrivers/data/esric/Layers,,*
autotest/gdrivers/data/esric/Layers/_alllayers,tests/gdrivers/data/esric/Layers/_alllayers,,*
autotest/gdrivers/data/esric/Layers/_alllayers/L01,tests/gdrivers/data/esric/Layers/_alllayers/L01,,*
autotest/gdrivers/data/fast,tests/gdrivers/data/fast,,*
autotest/gdrivers/data/fits,tests/gdrivers/data/fits,,*
autotest/gdrivers/data/genbin,tests/gdrivers/data/genbin,,*
autotest/gdrivers/data/gif,tests/gdrivers/data/gif,,*
autotest/gdrivers/data/gpkg,tests/gdrivers/data/gpkg,,*
autotest/gdrivers/data/grassasciigrid,tests/gdrivers/data/grassasciigrid,,*
autotest/gdrivers/data/grib,tests/gdrivers/data/grib,,*
autotest/gdrivers/data/gsc,tests/gdrivers/data/gsc,,*
autotest/gdrivers/data/gsg,tests/gdrivers/data/gsg,,*
autotest/gdrivers/data/gtiff,tests/gdrivers/data/gtiff,,*
autotest/gdrivers/data/gtx,tests/gdrivers/data/gtx,,*
autotest/gdrivers/data/gxf,tests/gdrivers/data/gxf,,*
autotest/gdrivers/data/hdf4,tests/gdrivers/data/hdf4,,*
autotest/gdrivers/data/hdf5,tests/gdrivers/data/hdf5,,*
autotest/gdrivers/data/heif,tests/gdrivers/data/heif,,*
autotest/gdrivers/data/hfa,tests/gdrivers/data/hfa,,*
autotest/gdrivers/data/ilwis,tests/gdrivers/data/ilwis,,*
autotest/gdrivers/data/iris,tests/gdrivers/data/iris,,*
autotest/gdrivers/data/isce,tests/gdrivers/data/isce,,*
autotest/gdrivers/data/isg,tests/gdrivers/data/isg,,*
autotest/gdrivers/data/isis2,tests/gdrivers/data/isis2,,*
autotest/gdrivers/data/isis3,tests/gdrivers/data/isis3,,*
autotest/gdrivers/data/jdem,tests/gdrivers/data/jdem,,*
autotest/gdrivers/data/jpeg,tests/gdrivers/data/jpeg,,*
autotest/gdrivers/data/jpeg/flir,tests/gdrivers/data/jpeg/flir,,*
autotest/gdrivers/data/jpeg2000,tests/gdrivers/data/jpeg2000,,*
autotest/gdrivers/data/kml,tests/gdrivers/data/kml,,*
autotest/gdrivers/data/l1b,tests/gdrivers/data/l1b,,*
autotest/gdrivers/data/lan,tests/gdrivers/data/lan,,*
autotest/gdrivers/data/lcp,tests/gdrivers/data/lcp,,*
autotest/gdrivers/data/leveller,tests/gdrivers/data/leveller,,*
autotest/gdrivers/data/loslas,tests/gdrivers/data/loslas,,*
autotest/gdrivers/data/mbtiles,tests/gdrivers/data/mbtiles,,*
autotest/gdrivers/data/mff,tests/gdrivers/data/mff,,*
autotest/gdrivers/data/mff2,tests/gdrivers/data/mff2,,*
autotest/gdrivers/data/mff2/bytemff2,tests/gdrivers/data/mff2/bytemff2,,*
autotest/gdrivers/data/mrf,tests/gdrivers/data/mrf,,*
autotest/gdrivers/data/mrf/deflate,tests/gdrivers/data/mrf/deflate,,*
autotest/gdrivers/data/mrf/jpeg,tests/gdrivers/data/mrf/jpeg,,*
autotest/gdrivers/data/mrf/lerc,tests/gdrivers/data/mrf/lerc,,*
autotest/gdrivers/data/mrf/lerc_v1,tests/gdrivers/data/mrf/lerc_v1,,*
autotest/gdrivers/data/mrf/none,tests/gdrivers/data/mrf/none,,*
autotest/gdrivers/data/mrf/png,tests/gdrivers/data/mrf/png,,*
autotest/gdrivers/data/mrf/tif,tests/gdrivers/data/mrf/tif,,*
autotest/gdrivers/data/ndf,tests/gdrivers/data/ndf,,*
autotest/gdrivers/data/netcdf,tests/gdrivers/data/netcdf,,*
autotest/gdrivers/data/netcdf-sg,tests/gdrivers/data/netcdf-sg,,*
autotest/gdrivers/data/netcdf-sg/write-tests,tests/gdrivers/data/netcdf-sg/write-tests,,*
autotest/gdrivers/data/netcdf_cf_xml,tests/gdrivers/data/netcdf_cf_xml,,*
autotest/gdrivers/data/ngsgeoid,tests/gdrivers/data/ngsgeoid,,*
autotest/gdrivers/data/ngw,tests/gdrivers/data/ngw,,*
autotest/gdrivers/data/nitf,tests/gdrivers/data/nitf,,*
autotest/gdrivers/data/ntv2,tests/gdrivers/data/ntv2,,*
autotest/gdrivers/data/nwt_grc,tests/gdrivers/data/nwt_grc,,*
autotest/gdrivers/data/nwt_grd,tests/gdrivers/data/nwt_grd,,*
autotest/gdrivers/data/paux,tests/gdrivers/data/paux,,*
autotest/gdrivers/data/pcidsk,tests/gdrivers/data/pcidsk,,*
autotest/gdrivers/data/pcraster,tests/gdrivers/data/pcraster,,*
autotest/gdrivers/data/pdf,tests/gdrivers/data/pdf,,*
autotest/gdrivers/data/pds,tests/gdrivers/data/pds,,*
autotest/gdrivers/data/pds4,tests/gdrivers/data/pds4,,*
autotest/gdrivers/data/png,tests/gdrivers/data/png,,*
autotest/gdrivers/data/pnm,tests/gdrivers/data/pnm,,*
autotest/gdrivers/data/PRF,tests/gdrivers/data/PRF,,*
autotest/gdrivers/data/PRF/dem,tests/gdrivers/data/PRF/dem,,*
autotest/gdrivers/data/PRF/ph,tests/gdrivers/data/PRF/ph,,*
autotest/gdrivers/data/r,tests/gdrivers/data/r,,*
autotest/gdrivers/data/rasterlite,tests/gdrivers/data/rasterlite,,*
autotest/gdrivers/data/rasterlite2,tests/gdrivers/data/rasterlite2,,*
autotest/gdrivers/data/rmf,tests/gdrivers/data/rmf,,*
autotest/gdrivers/data/roipac,tests/gdrivers/data/roipac,,*
autotest/gdrivers/data/rraster,tests/gdrivers/data/rraster,,*
autotest/gdrivers/data/rs2,tests/gdrivers/data/rs2,,*
autotest/gdrivers/data/rst,tests/gdrivers/data/rst,,*
autotest/gdrivers/data/SAFE_FAKE,tests/gdrivers/data/SAFE_FAKE,,*
autotest/gdrivers/data/SAFE_FAKE/test.SAFE,tests/gdrivers/data/SAFE_FAKE/test.SAFE,,*
autotest/gdrivers/data/SAFE_FAKE/test.SAFE/annotation,tests/gdrivers/data/SAFE_FAKE/test.SAFE/annotation,,*
autotest/gdrivers/data/SAFE_FAKE/test.SAFE/annotation/calibration,tests/gdrivers/data/SAFE_FAKE/test.SAFE/annotation/calibration,,*
autotest/gdrivers/data/SAFE_FAKE/test.SAFE/measurement,tests/gdrivers/data/SAFE_FAKE/test.SAFE/measurement,,*
autotest/gdrivers/data/SAFE_FAKE_WV,tests/gdrivers/data/SAFE_FAKE_WV,,*
autotest/gdrivers/data/SAFE_FAKE_WV/annotation,tests/gdrivers/data/SAFE_FAKE_WV/annotation,,*
autotest/gdrivers/data/SAFE_FAKE_WV/annotation/calibration,tests/gdrivers/data/SAFE_FAKE_WV/annotation/calibration,,*
autotest/gdrivers/data/SAFE_FAKE_WV/measurement,tests/gdrivers/data/SAFE_FAKE_WV/measurement,,*
autotest/gdrivers/data/saga,tests/gdrivers/data/saga,,*
autotest/gdrivers/data/sar_ceos,tests/gdrivers/data/sar_ceos,,*
autotest/gdrivers/data/sentinel2,tests/gdrivers/data/sentinel2,,*
autotest/gdrivers/data/sentinel2/fake_l1b,tests/gdrivers/data/sentinel2/fake_l1b,,*
autotest/gdrivers/data/sentinel2/fake_l1b/S2B_OPER_PRD_MSIL1B.SAFE,tests/gdrivers/data/sentinel2/fake_l1b/S2B_OPER_PRD_MSIL1B.SAFE,,*
autotest/gdrivers/data/sentinel2/fake_l1b/S2B_OPER_PRD_MSIL1B.SAFE/GRANULE,tests/gdrivers/data/sentinel2/fake_l1b/S2B_OPER_PRD_MSIL1B.SAFE/GRANULE,,*
autotest/gdrivers/data/sentinel2/fake_l1b/S2B_OPER_PRD_MSIL1B.SAFE/GRANULE/S2B_OPER_MSI_L1B_N01.03,tests/gdrivers/data/sentinel2/fake_l1b/S2B_OPER_PRD_MSIL1B.SAFE/GRANULE/S2B_OPER_MSI_L1B_N01.03,,*
autotest/gdrivers/data/sentinel2/fake_l1b/S2B_OPER_PRD_MSIL1B.SAFE/GRANULE/S2B_OPER_MSI_L1B_N01.03/IMG_DATA,tests/gdrivers/data/sentinel2/fake_l1b/S2B_OPER_PRD_MSIL1B.SAFE/GRANULE/S2B_OPER_MSI_L1B_N01.03/IMG_DATA,,*
autotest/gdrivers/data/sentinel2/fake_l1c,tests/gdrivers/data/sentinel2/fake_l1c,,*
autotest/gdrivers/data/sentinel2/fake_l1c/S2A_OPER_PRD_MSIL1C.SAFE,tests/gdrivers/data/sentinel2/fake_l1c/S2A_OPER_PRD_MSIL1C.SAFE,,*
autotest/gdrivers/data/sentinel2/fake_l1c/S2A_OPER_PRD_MSIL1C.SAFE/GRANULE,tests/gdrivers/data/sentinel2/fake_l1c/S2A_OPER_PRD_MSIL1C.SAFE/GRANULE,,*
autotest/gdrivers/data/sentinel2/fake_l1c/S2A_OPER_PRD_MSIL1C.SAFE/GRANULE/S2A_OPER_MSI_L1C_T32TQR_N01.03,tests/gdrivers/data/sentinel2/fake_l1c/S2A_OPER_PRD_MSIL1C.SAFE/GRANULE/S2A_OPER_MSI_L1C_T32TQR_N01.03,,*
autotest/gdrivers/data/sentinel2/fake_l1c/S2A_OPER_PRD_MSIL1C.SAFE/GRANULE/S2A_OPER_MSI_L1C_T32TQR_N01.03/IMG_DATA,tests/gdrivers/data/sentinel2/fake_l1c/S2A_OPER_PRD_MSIL1C.SAFE/GRANULE/S2A_OPER_MSI_L1C_T32TQR_N01.03/IMG_DATA,,*
autotest/gdrivers/data/sentinel2/fake_l1c/S2A_OPER_PRD_MSIL1C.SAFE/GRANULE/S2A_OPER_MSI_L1C_T32TQR_N01.03/QI_DATA,tests/gdrivers/data/sentinel2/fake_l1c/S2A_OPER_PRD_MSIL1C.SAFE/GRANULE/S2A_OPER_MSI_L1C_T32TQR_N01.03/QI_DATA,,*
autotest/gdrivers/data/sentinel2/fake_l1c/S2A_OPER_PRD_MSIL1C.SAFE/GRANULE/S2A_OPER_MSI_L1C_T32TRQ_N01.03,tests/gdrivers/data/sentinel2/fake_l1c/S2A_OPER_PRD_MSIL1C.SAFE/GRANULE/S2A_OPER_MSI_L1C_T32TRQ_N01.03,,*
autotest/gdrivers/data/sentinel2/fake_l1c/S2A_OPER_PRD_MSIL1C.SAFE/GRANULE/S2A_OPER_MSI_L1C_T32TRQ_N01.03/IMG_DATA,tests/gdrivers/data/sentinel2/fake_l1c/S2A_OPER_PRD_MSIL1C.SAFE/GRANULE/S2A_OPER_MSI_L1C_T32TRQ_N01.03/IMG_DATA,,*
autotest/gdrivers/data/sentinel2/fake_l1c/S2A_OPER_PRD_MSIL1C.SAFE/GRANULE/S2A_OPER_MSI_L1C_T32TRQ_N01.03/QI_DATA,tests/gdrivers/data/sentinel2/fake_l1c/S2A_OPER_PRD_MSIL1C.SAFE/GRANULE/S2A_OPER_MSI_L1C_T32TRQ_N01.03/QI_DATA,,*
autotest/gdrivers/data/sentinel2/fake_l1c_safecompact,tests/gdrivers/data/sentinel2/fake_l1c_safecompact,,*
autotest/gdrivers/data/sentinel2/fake_l1c_safecompact/S2A_MSIL1C_test.SAFE,tests/gdrivers/data/sentinel2/fake_l1c_safecompact/S2A_MSIL1C_test.SAFE,,*
autotest/gdrivers/data/sentinel2/fake_l1c_safecompact/S2A_MSIL1C_test.SAFE/GRANULE,tests/gdrivers/data/sentinel2/fake_l1c_safecompact/S2A_MSIL1C_test.SAFE/GRANULE,,*
autotest/gdrivers/data/sentinel2/fake_l1c_safecompact/S2A_MSIL1C_test.SAFE/GRANULE/FOO,tests/gdrivers/data/sentinel2/fake_l1c_safecompact/S2A_MSIL1C_test.SAFE/GRANULE/FOO,,*
autotest/gdrivers/data/sentinel2/fake_l1c_safecompact/S2A_MSIL1C_test.SAFE/GRANULE/FOO/IMG_DATA,tests/gdrivers/data/sentinel2/fake_l1c_safecompact/S2A_MSIL1C_test.SAFE/GRANULE/FOO/IMG_DATA,,*
autotest/gdrivers/data/sentinel2/fake_l2a,tests/gdrivers/data/sentinel2/fake_l2a,,*
autotest/gdrivers/data/sentinel2/fake_l2a/S2A_USER_PRD_MSIL2A.SAFE,tests/gdrivers/data/sentinel2/fake_l2a/S2A_USER_PRD_MSIL2A.SAFE,,*
autotest/gdrivers/data/sentinel2/fake_l2a/S2A_USER_PRD_MSIL2A.SAFE/GRANULE,tests/gdrivers/data/sentinel2/fake_l2a/S2A_USER_PRD_MSIL2A.SAFE/GRANULE,,*
autotest/gdrivers/data/sentinel2/fake_l2a/S2A_USER_PRD_MSIL2A.SAFE/GRANULE/S2A_USER_MSI_L2A_T32TQR_N01.03,tests/gdrivers/data/sentinel2/fake_l2a/S2A_USER_PRD_MSIL2A.SAFE/GRANULE/S2A_USER_MSI_L2A_T32TQR_N01.03,,*
autotest/gdrivers/data/sentinel2/fake_l2a/S2A_USER_PRD_MSIL2A.SAFE/GRANULE/S2A_USER_MSI_L2A_T32TQR_N01.03/IMG_DATA,tests/gdrivers/data/sentinel2/fake_l2a/S2A_USER_PRD_MSIL2A.SAFE/GRANULE/S2A_USER_MSI_L2A_T32TQR_N01.03/IMG_DATA,,*
autotest/gdrivers/data/sentinel2/fake_l2a/S2A_USER_PRD_MSIL2A.SAFE/GRANULE/S2A_USER_MSI_L2A_T32TQR_N01.03/IMG_DATA/R60m,tests/gdrivers/data/sentinel2/fake_l2a/S2A_USER_PRD_MSIL2A.SAFE/GRANULE/S2A_USER_MSI_L2A_T32TQR_N01.03/IMG_DATA/R60m,,*
autotest/gdrivers/data/sentinel2/fake_l2a/S2A_USER_PRD_MSIL2A.SAFE/GRANULE/S2A_USER_MSI_L2A_T32TQR_N01.03/QI_DATA,tests/gdrivers/data/sentinel2/fake_l2a/S2A_USER_PRD_MSIL2A.SAFE/GRANULE/S2A_USER_MSI_L2A_T32TQR_N01.03/QI_DATA,,*
autotest/gdrivers/data/sentinel2/fake_l2a_MSIL2A,tests/gdrivers/data/sentinel2/fake_l2a_MSIL2A,,*
autotest/gdrivers/data/sentinel2/fake_l2a_MSIL2A/S2A_MSIL2A_20180818T094031_N0208_R036_T34VFJ_20180818T120345.SAFE,tests/gdrivers/data/sentinel2/fake_l2a_MSIL2A/S2A_MSIL2A_20180818T094031_N0208_R036_T34VFJ_20180818T120345.SAFE,,*
autotest/gdrivers/data/sentinel2/fake_l2a_MSIL2A/S2A_MSIL2A_20180818T094031_N0208_R036_T34VFJ_20180818T120345.SAFE/GRANULE,tests/gdrivers/data/sentinel2/fake_l2a_MSIL2A/S2A_MSIL2A_20180818T094031_N0208_R036_T34VFJ_20180818T120345.SAFE/GRANULE,,*
autotest/gdrivers/data/sentinel2/fake_l2a_MSIL2A/S2A_MSIL2A_20180818T094031_N0208_R036_T34VFJ_20180818T120345.SAFE/GRANULE/L2A_T34VFJ_A016478_20180818T094030,tests/gdrivers/data/sentinel2/fake_l2a_MSIL2A/S2A_MSIL2A_20180818T094031_N0208_R036_T34VFJ_20180818T120345.SAFE/GRANULE/L2A_T34VFJ_A016478_20180818T094030,,*
autotest/gdrivers/data/sentinel2/fake_l2a_MSIL2A/S2A_MSIL2A_20180818T094031_N0208_R036_T34VFJ_20180818T120345.SAFE/GRANULE/L2A_T34VFJ_A016478_20180818T094030/IMG_DATA,tests/gdrivers/data/sentinel2/fake_l2a_MSIL2A/S2A_MSIL2A_20180818T094031_N0208_R036_T34VFJ_20180818T120345.SAFE/GRANULE/L2A_T34VFJ_A016478_20180818T094030/IMG_DATA,,*
autotest/gdrivers/data/sentinel2/fake_l2a_MSIL2A/S2A_MSIL2A_20180818T094031_N0208_R036_T34VFJ_20180818T120345.SAFE/GRANULE/L2A_T34VFJ_A016478_20180818T094030/IMG_DATA/R10m,tests/gdrivers/data/sentinel2/fake_l2a_MSIL2A/S2A_MSIL2A_20180818T094031_N0208_R036_T34VFJ_20180818T120345.SAFE/GRANULE/L2A_T34VFJ_A016478_20180818T094030/IMG_DATA/R10m,,*
autotest/gdrivers/data/sentinel2/fake_l2a_MSIL2A/S2A_MSIL2A_20180818T094031_N0208_R036_T34VFJ_20180818T120345.SAFE/GRANULE/L2A_T34VFJ_A016478_20180818T094030/IMG_DATA/R20m,tests/gdrivers/data/sentinel2/fake_l2a_MSIL2A/S2A_MSIL2A_20180818T094031_N0208_R036_T34VFJ_20180818T120345.SAFE/GRANULE/L2A_T34VFJ_A016478_20180818T094030/IMG_DATA/R20m,,*
autotest/gdrivers/data/sentinel2/fake_l2a_MSIL2A/S2A_MSIL2A_20180818T094031_N0208_R036_T34VFJ_20180818T120345.SAFE/GRANULE/L2A_T34VFJ_A016478_20180818T094030/IMG_DATA/R60m,tests/gdrivers/data/sentinel2/fake_l2a_MSIL2A/S2A_MSIL2A_20180818T094031_N0208_R036_T34VFJ_20180818T120345.SAFE/GRANULE/L2A_T34VFJ_A016478_20180818T094030/IMG_DATA/R60m,,*
autotest/gdrivers/data/sentinel2/fake_l2a_MSIL2A/S2A_MSIL2A_20180818T094031_N0208_R036_T34VFJ_20180818T120345.SAFE/GRANULE/L2A_T34VFJ_A016478_20180818T094030/QI_DATA,tests/gdrivers/data/sentinel2/fake_l2a_MSIL2A/S2A_MSIL2A_20180818T094031_N0208_R036_T34VFJ_20180818T120345.SAFE/GRANULE/L2A_T34VFJ_A016478_20180818T094030/QI_DATA,,*
autotest/gdrivers/data/sentinel2/fake_l2a_MSIL2Ap,tests/gdrivers/data/sentinel2/fake_l2a_MSIL2Ap,,*
autotest/gdrivers/data/sentinel2/fake_l2a_MSIL2Ap/S2A_MSIL2A_20170823T094031_N0205_R036_T34VFJ_20170823T094252.SAFE,tests/gdrivers/data/sentinel2/fake_l2a_MSIL2Ap/S2A_MSIL2A_20170823T094031_N0205_R036_T34VFJ_20170823T094252.SAFE,,*
autotest/gdrivers/data/sentinel2/fake_l2a_MSIL2Ap/S2A_MSIL2A_20170823T094031_N0205_R036_T34VFJ_20170823T094252.SAFE/GRANULE,tests/gdrivers/data/sentinel2/fake_l2a_MSIL2Ap/S2A_MSIL2A_20170823T094031_N0205_R036_T34VFJ_20170823T094252.SAFE/GRANULE,,*
autotest/gdrivers/data/sentinel2/fake_l2a_MSIL2Ap/S2A_MSIL2A_20170823T094031_N0205_R036_T34VFJ_20170823T094252.SAFE/GRANULE/L2A_T34VFJ_A011330_20170823T094252,tests/gdrivers/data/sentinel2/fake_l2a_MSIL2Ap/S2A_MSIL2A_20170823T094031_N0205_R036_T34VFJ_20170823T094252.SAFE/GRANULE/L2A_T34VFJ_A011330_20170823T094252,,*
autotest/gdrivers/data/sentinel2/fake_l2a_MSIL2Ap/S2A_MSIL2A_20170823T094031_N0205_R036_T34VFJ_20170823T094252.SAFE/GRANULE/L2A_T34VFJ_A011330_20170823T094252/IMG_DATA,tests/gdrivers/data/sentinel2/fake_l2a_MSIL2Ap/S2A_MSIL2A_20170823T094031_N0205_R036_T34VFJ_20170823T094252.SAFE/GRANULE/L2A_T34VFJ_A011330_20170823T094252/IMG_DATA,,*
autotest/gdrivers/data/sentinel2/fake_l2a_MSIL2Ap/S2A_MSIL2A_20170823T094031_N0205_R036_T34VFJ_20170823T094252.SAFE/GRANULE/L2A_T34VFJ_A011330_20170823T094252/IMG_DATA/R10m,tests/gdrivers/data/sentinel2/fake_l2a_MSIL2Ap/S2A_MSIL2A_20170823T094031_N0205_R036_T34VFJ_20170823T094252.SAFE/GRANULE/L2A_T34VFJ_A011330_20170823T094252/IMG_DATA/R10m,,*
autotest/gdrivers/data/sentinel2/fake_l2a_MSIL2Ap/S2A_MSIL2A_20170823T094031_N0205_R036_T34VFJ_20170823T094252.SAFE/GRANULE/L2A_T34VFJ_A011330_20170823T094252/IMG_DATA/R20m,tests/gdrivers/data/sentinel2/fake_l2a_MSIL2Ap/S2A_MSIL2A_20170823T094031_N0205_R036_T34VFJ_20170823T094252.SAFE/GRANULE/L2A_T34VFJ_A011330_20170823T094252/IMG_DATA/R20m,,*
autotest/gdrivers/data/sentinel2/fake_l2a_MSIL2Ap/S2A_MSIL2A_20170823T094031_N0205_R036_T34VFJ_20170823T094252.SAFE/GRANULE/L2A_T34VFJ_A011330_20170823T094252/IMG_DATA/R60m,tests/gdrivers/data/sentinel2/fake_l2a_MSIL2Ap/S2A_MSIL2A_20170823T094031_N0205_R036_T34VFJ_20170823T094252.SAFE/GRANULE/L2A_T34VFJ_A011330_20170823T094252/IMG_DATA/R60m,,*
autotest/gdrivers/data/sentinel2/fake_l2a_MSIL2Ap/S2A_MSIL2A_20170823T094031_N0205_R036_T34VFJ_20170823T094252.SAFE/GRANULE/L2A_T34VFJ_A011330_20170823T094252/QI_DATA,tests/gdrivers/data/sentinel2/fake_l2a_MSIL2Ap/S2A_MSIL2A_20170823T094031_N0205_R036_T34VFJ_20170823T094252.SAFE/GRANULE/L2A_T34VFJ_A011330_20170823T094252/QI_DATA,,*
autotest/gdrivers/data/sgi,tests/gdrivers/data/sgi,,*
autotest/gdrivers/data/sid,tests/gdrivers/data/sid,,*
autotest/gdrivers/data/sigdem,tests/gdrivers/data/sigdem,,*
autotest/gdrivers/data/snodas,tests/gdrivers/data/snodas,,*
autotest/gdrivers/data/srp,tests/gdrivers/data/srp,,*
autotest/gdrivers/data/srp/USRP_PCB0,tests/gdrivers/data/srp/USRP_PCB0,,*
autotest/gdrivers/data/srp/USRP_PCB4,tests/gdrivers/data/srp/USRP_PCB4,,*
autotest/gdrivers/data/srp/USRP_PCB8,tests/gdrivers/data/srp/USRP_PCB8,,*
autotest/gdrivers/data/stacit,tests/gdrivers/data/stacit,,*
autotest/gdrivers/data/stacta,tests/gdrivers/data/stacta,,*
autotest/gdrivers/data/stacta/WorldCRS84Quad,tests/gdrivers/data/stacta/WorldCRS84Quad,,*
autotest/gdrivers/data/stacta/WorldCRS84Quad/0,tests/gdrivers/data/stacta/WorldCRS84Quad/0,,*
autotest/gdrivers/data/stacta/WorldCRS84Quad/0/0,tests/gdrivers/data/stacta/WorldCRS84Quad/0/0,,*
autotest/gdrivers/data/stacta/WorldCRS84Quad/1,tests/gdrivers/data/stacta/WorldCRS84Quad/1,,*
autotest/gdrivers/data/stacta/WorldCRS84Quad/1/0,tests/gdrivers/data/stacta/WorldCRS84Quad/1/0,,*
autotest/gdrivers/data/stacta/WorldCRS84Quad/2,tests/gdrivers/data/stacta/WorldCRS84Quad/2,,*
autotest/gdrivers/data/stacta/WorldCRS84Quad/2/0,tests/gdrivers/data/stacta/WorldCRS84Quad/2/0,,*
autotest/gdrivers/data/STDS_1107834_truncated,tests/gdrivers/data/STDS_1107834_truncated,,*
autotest/gdrivers/data/terragen,tests/gdrivers/data/terragen,,*
autotest/gdrivers/data/test_validate_jp2,tests/gdrivers/data/test_validate_jp2,,*
autotest/gdrivers/data/tga,tests/gdrivers/data/tga,,*
autotest/gdrivers/data/tga/from_ffmpeg_samples,tests/gdrivers/data/tga/from_ffmpeg_samples,,*
autotest/gdrivers/data/tga/ref_test_suite,tests/gdrivers/data/tga/ref_test_suite,,*
autotest/gdrivers/data/til,tests/gdrivers/data/til,,*
autotest/gdrivers/data/tiledb_array,tests/gdrivers/data/tiledb_array,,*
autotest/gdrivers/data/tiledb_array/__99b96dee99e8415ea23d6e0e52843a7d_1556650358803,tests/gdrivers/data/tiledb_array/__99b96dee99e8415ea23d6e0e52843a7d_1556650358803,,*
autotest/gdrivers/data/tiledb_input,tests/gdrivers/data/tiledb_input,,*
autotest/gdrivers/data/usgsdem,tests/gdrivers/data/usgsdem,,*
autotest/gdrivers/data/vicar,tests/gdrivers/data/vicar,,*
autotest/gdrivers/data/vrt,tests/gdrivers/data/vrt,,*
autotest/gdrivers/data/wcs,tests/gdrivers/data/wcs,,*
autotest/gdrivers/data/webp,tests/gdrivers/data/webp,,*
autotest/gdrivers/data/wms,tests/gdrivers/data/wms,,*
autotest/gdrivers/data/wmts,tests/gdrivers/data/wmts,,*
autotest/gdrivers/data/zarr,tests/gdrivers/data/zarr,,*
autotest/gdrivers/data/zarr/array_attrs.zarr,tests/gdrivers/data/zarr/array_attrs.zarr,,*
autotest/gdrivers/data/zarr/array_dimensions.zarr,tests/gdrivers/data/zarr/array_dimensions.zarr,,*
autotest/gdrivers/data/zarr/array_dimensions.zarr/lat,tests/gdrivers/data/zarr/array_dimensions.zarr/lat,,*
autotest/gdrivers/data/zarr/array_dimensions.zarr/lon,tests/gdrivers/data/zarr/array_dimensions.zarr/lon,,*
autotest/gdrivers/data/zarr/array_dimensions.zarr/var,tests/gdrivers/data/zarr/array_dimensions.zarr/var,,*
autotest/gdrivers/data/zarr/array_dimensions_upper_level.zarr,tests/gdrivers/data/zarr/array_dimensions_upper_level.zarr,,*
autotest/gdrivers/data/zarr/array_dimensions_upper_level.zarr/lat,tests/gdrivers/data/zarr/array_dimensions_upper_level.zarr/lat,,*
autotest/gdrivers/data/zarr/array_dimensions_upper_level.zarr/lon,tests/gdrivers/data/zarr/array_dimensions_upper_level.zarr/lon,,*
autotest/gdrivers/data/zarr/array_dimensions_upper_level.zarr/subgroup,tests/gdrivers/data/zarr/array_dimensions_upper_level.zarr/subgroup,,*
autotest/gdrivers/data/zarr/array_dimensions_upper_level.zarr/subgroup/var,tests/gdrivers/data/zarr/array_dimensions_upper_level.zarr/subgroup/var,,*
autotest/gdrivers/data/zarr/blosc.zarr,tests/gdrivers/data/zarr/blosc.zarr,,*
autotest/gdrivers/data/zarr/compound_complex.zarr,tests/gdrivers/data/zarr/compound_complex.zarr,,*
autotest/gdrivers/data/zarr/compound_not_aligned.zarr,tests/gdrivers/data/zarr/compound_not_aligned.zarr,,*
autotest/gdrivers/data/zarr/compound_well_aligned.zarr,tests/gdrivers/data/zarr/compound_well_aligned.zarr,,*
autotest/gdrivers/data/zarr/delta_filter_i4.zarr,tests/gdrivers/data/zarr/delta_filter_i4.zarr,,*
autotest/gdrivers/data/zarr/empty.zarr,tests/gdrivers/data/zarr/empty.zarr,,*
autotest/gdrivers/data/zarr/f2_be.zarr,tests/gdrivers/data/zarr/f2_be.zarr,,*
autotest/gdrivers/data/zarr/f2_le.zarr,tests/gdrivers/data/zarr/f2_le.zarr,,*
autotest/gdrivers/data/zarr/group.zarr,tests/gdrivers/data/zarr/group.zarr,,*
autotest/gdrivers/data/zarr/group.zarr/foo,tests/gdrivers/data/zarr/group.zarr/foo,,*
autotest/gdrivers/data/zarr/group.zarr/foo/bar,tests/gdrivers/data/zarr/group.zarr/foo/bar,,*
autotest/gdrivers/data/zarr/group.zarr/foo/bar/baz,tests/gdrivers/data/zarr/group.zarr/foo/bar/baz,,*
autotest/gdrivers/data/zarr/group_with_zmetadata.zarr,tests/gdrivers/data/zarr/group_with_zmetadata.zarr,,*
autotest/gdrivers/data/zarr/group_with_zmetadata.zarr/foo,tests/gdrivers/data/zarr/group_with_zmetadata.zarr/foo,,*
autotest/gdrivers/data/zarr/group_with_zmetadata.zarr/foo/bar,tests/gdrivers/data/zarr/group_with_zmetadata.zarr/foo/bar,,*
autotest/gdrivers/data/zarr/group_with_zmetadata.zarr/foo/bar/baz,tests/gdrivers/data/zarr/group_with_zmetadata.zarr/foo/bar/baz,,*
autotest/gdrivers/data/zarr/gzip.zarr,tests/gdrivers/data/zarr/gzip.zarr,,*
autotest/gdrivers/data/zarr/lz4.zarr,tests/gdrivers/data/zarr/lz4.zarr,,*
autotest/gdrivers/data/zarr/lzma.zarr,tests/gdrivers/data/zarr/lzma.zarr,,*
autotest/gdrivers/data/zarr/lzma_with_filters.zarr,tests/gdrivers/data/zarr/lzma_with_filters.zarr,,*
autotest/gdrivers/data/zarr/nczarr_v2.zarr,tests/gdrivers/data/zarr/nczarr_v2.zarr,,*
autotest/gdrivers/data/zarr/nczarr_v2.zarr/MyGroup,tests/gdrivers/data/zarr/nczarr_v2.zarr/MyGroup,,*
autotest/gdrivers/data/zarr/nczarr_v2.zarr/MyGroup/dset1,tests/gdrivers/data/zarr/nczarr_v2.zarr/MyGroup/dset1,,*
autotest/gdrivers/data/zarr/nczarr_v2.zarr/MyGroup/Group_A,tests/gdrivers/data/zarr/nczarr_v2.zarr/MyGroup/Group_A,,*
autotest/gdrivers/data/zarr/nczarr_v2.zarr/MyGroup/Group_A/dset2,tests/gdrivers/data/zarr/nczarr_v2.zarr/MyGroup/Group_A/dset2,,*
autotest/gdrivers/data/zarr/nczarr_v2.zarr/MyGroup/Group_A/dset3,tests/gdrivers/data/zarr/nczarr_v2.zarr/MyGroup/Group_A/dset3,,*
autotest/gdrivers/data/zarr/nczarr_v2.zarr/MyGroup/lat,tests/gdrivers/data/zarr/nczarr_v2.zarr/MyGroup/lat,,*
autotest/gdrivers/data/zarr/nczarr_v2.zarr/MyGroup/lon,tests/gdrivers/data/zarr/nczarr_v2.zarr/MyGroup/lon,,*
autotest/gdrivers/data/zarr/order_f_s3.zarr,tests/gdrivers/data/zarr/order_f_s3.zarr,,*
autotest/gdrivers/data/zarr/order_f_u1.zarr,tests/gdrivers/data/zarr/order_f_u1.zarr,,*
autotest/gdrivers/data/zarr/order_f_u1_3d.zarr,tests/gdrivers/data/zarr/order_f_u1_3d.zarr,,*
autotest/gdrivers/data/zarr/order_f_u2.zarr,tests/gdrivers/data/zarr/order_f_u2.zarr,,*
autotest/gdrivers/data/zarr/order_f_u4.zarr,tests/gdrivers/data/zarr/order_f_u4.zarr,,*
autotest/gdrivers/data/zarr/order_f_u8.zarr,tests/gdrivers/data/zarr/order_f_u8.zarr,,*
autotest/gdrivers/data/zarr/unicode_be.zarr,tests/gdrivers/data/zarr/unicode_be.zarr,,*
autotest/gdrivers/data/zarr/unicode_le.zarr,tests/gdrivers/data/zarr/unicode_le.zarr,,*
autotest/gdrivers/data/zarr/v3,tests/gdrivers/data/zarr/v3,,*
autotest/gdrivers/data/zarr/v3/test.zr3,tests/gdrivers/data/zarr/v3/test.zr3,,*
autotest/gdrivers/data/zarr/v3/test.zr3/data,tests/gdrivers/data/zarr/v3/test.zr3/data,,*
autotest/gdrivers/data/zarr/v3/test.zr3/data/root,tests/gdrivers/data/zarr/v3/test.zr3/data/root,,*
autotest/gdrivers/data/zarr/v3/test.zr3/data/root/ar,tests/gdrivers/data/zarr/v3/test.zr3/data/root/ar,,*
autotest/gdrivers/data/zarr/v3/test.zr3/data/root/c0,tests/gdrivers/data/zarr/v3/test.zr3/data/root/c0,,*
autotest/gdrivers/data/zarr/v3/test.zr3/data/root/c1,tests/gdrivers/data/zarr/v3/test.zr3/data/root/c1,,*
autotest/gdrivers/data/zarr/v3/test.zr3/data/root/c2,tests/gdrivers/data/zarr/v3/test.zr3/data/root/c2,,*
autotest/gdrivers/data/zarr/v3/test.zr3/data/root/marvin,tests/gdrivers/data/zarr/v3/test.zr3/data/root/marvin,,*
autotest/gdrivers/data/zarr/v3/test.zr3/data/root/marvin/android,tests/gdrivers/data/zarr/v3/test.zr3/data/root/marvin/android,,*
autotest/gdrivers/data/zarr/v3/test.zr3/data/root/marvin/android/c0,tests/gdrivers/data/zarr/v3/test.zr3/data/root/marvin/android/c0,,*
autotest/gdrivers/data/zarr/v3/test.zr3/data/root/marvin/android/c1,tests/gdrivers/data/zarr/v3/test.zr3/data/root/marvin/android/c1,,*
autotest/gdrivers/data/zarr/v3/test.zr3/data/root/marvin/android/c2,tests/gdrivers/data/zarr/v3/test.zr3/data/root/marvin/android/c2,,*
autotest/gdrivers/data/zarr/v3/test.zr3/data/root/marvin/android/c3,tests/gdrivers/data/zarr/v3/test.zr3/data/root/marvin/android/c3,,*
autotest/gdrivers/data/zarr/v3/test.zr3/meta,tests/gdrivers/data/zarr/v3/test.zr3/meta,,*
autotest/gdrivers/data/zarr/v3/test.zr3/meta/root,tests/gdrivers/data/zarr/v3/test.zr3/meta/root,,*
autotest/gdrivers/data/zarr/v3/test.zr3/meta/root/marvin,tests/gdrivers/data/zarr/v3/test.zr3/meta/root/marvin,,*
autotest/gdrivers/data/zarr/zlib.zarr,tests/gdrivers/data/zarr/zlib.zarr,,*
autotest/gdrivers/data/zarr/zstd.zarr,tests/gdrivers/data/zarr/zstd.zarr,,*
autotest/gdrivers/tmp,tests/gdrivers/tmp,,*
autotest/gnm,tests/gnm,skip,py
autotest/gnm/data,tests/gnm/data,skip,*
autotest/gnm/tmp,tests/gnm/tmp,skip,*
autotest/ogr,tests/ogr,skip,py
autotest/ogr/data,tests/ogr/data,,*
autotest/ogr/data/arrow,tests/ogr/data/arrow,skip,*
autotest/ogr/data/arrow/from_paleolimbot_geoarrow,tests/ogr/data/arrow/from_paleolimbot_geoarrow,skip,*
autotest/ogr/data/avc,tests/ogr/data/avc,skip,*
autotest/ogr/data/avc/testavc,tests/ogr/data/avc/testavc,skip,*
autotest/ogr/data/avc/testavc/info,tests/ogr/data/avc/testavc/info,skip,*
autotest/ogr/data/avc/testavc/testavc,tests/ogr/data/avc/testavc/testavc,skip,*
autotest/ogr/data/avc/testpointavc,tests/ogr/data/avc/testpointavc,skip,*
autotest/ogr/data/avc/testpointavc/info,tests/ogr/data/avc/testpointavc/info,skip,*
autotest/ogr/data/avc/testpointavc/testpointavc,tests/ogr/data/avc/testpointavc/testpointavc,skip,*
autotest/ogr/data/avc/testpolyavc,tests/ogr/data/avc/testpolyavc,skip,*
autotest/ogr/data/avc/testpolyavc/info,tests/ogr/data/avc/testpolyavc/info,skip,*
autotest/ogr/data/avc/testpolyavc/testpolyavc,tests/ogr/data/avc/testpolyavc/testpolyavc,skip,*
autotest/ogr/data/cad,tests/ogr/data/cad,skip,*
autotest/ogr/data/csv,tests/ogr/data/csv,skip,*
autotest/ogr/data/dgn,tests/ogr/data/dgn,skip,*
autotest/ogr/data/dgnv8,tests/ogr/data/dgnv8,skip,*
autotest/ogr/data/dxf,tests/ogr/data/dxf,skip,*
autotest/ogr/data/esrijson,tests/ogr/data/esrijson,skip,*
autotest/ogr/data/filegdb,tests/ogr/data/filegdb,skip,*
autotest/ogr/data/filegdb/curves.gdb,tests/ogr/data/filegdb/curves.gdb,skip,*
autotest/ogr/data/filegdb/curve_circle_by_center.gdb,tests/ogr/data/filegdb/curve_circle_by_center.gdb,skip,*
autotest/ogr/data/filegdb/Domains.gdb,tests/ogr/data/filegdb/Domains.gdb,skip,*
autotest/ogr/data/filegdb/featuredataset.gdb,tests/ogr/data/filegdb/featuredataset.gdb,skip,*
autotest/ogr/data/filegdb/field_alias.gdb,tests/ogr/data/filegdb/field_alias.gdb,skip,*
autotest/ogr/data/filegdb/filegdb_polygonzm_m_not_closing_with_curves.gdb,tests/ogr/data/filegdb/filegdb_polygonzm_m_not_closing_with_curves.gdb,skip,*
autotest/ogr/data/filegdb/filegdb_polygonzm_nan_m_with_curves.gdb,tests/ogr/data/filegdb/filegdb_polygonzm_nan_m_with_curves.gdb,skip,*
autotest/ogr/data/filegdb/table_outside_gdbitems.gdb,tests/ogr/data/filegdb/table_outside_gdbitems.gdb,skip,*
autotest/ogr/data/filegdb/testdatetimeutc.gdb,tests/ogr/data/filegdb/testdatetimeutc.gdb,skip,*
autotest/ogr/data/flatgeobuf,tests/ogr/data/flatgeobuf,skip,*
autotest/ogr/data/geoconcept,tests/ogr/data/geoconcept,skip,*
autotest/ogr/data/geojson,tests/ogr/data/geojson,skip,*
autotest/ogr/data/geojsonseq,tests/ogr/data/geojsonseq,skip,*
autotest/ogr/data/georss,tests/ogr/data/georss,skip,*
autotest/ogr/data/gml,tests/ogr/data/gml,skip,*
autotest/ogr/data/gmlas,tests/ogr/data/gmlas,skip,*
autotest/ogr/data/gmlas/real_world,tests/ogr/data/gmlas/real_world,skip,*
autotest/ogr/data/gmlas/real_world/output,tests/ogr/data/gmlas/real_world/output,skip,*
autotest/ogr/data/gml_jpfgd,tests/ogr/data/gml_jpfgd,skip,*
autotest/ogr/data/gmt,tests/ogr/data/gmt,skip,*
autotest/ogr/data/gpkg,tests/ogr/data/gpkg,skip,*
autotest/ogr/data/gpsbabel,tests/ogr/data/gpsbabel,skip,*
autotest/ogr/data/gpx,tests/ogr/data/gpx,skip,*
autotest/ogr/data/idrisi,tests/ogr/data/idrisi,skip,*
autotest/ogr/data/ili,tests/ogr/data/ili,skip,*
autotest/ogr/data/jml,tests/ogr/data/jml,skip,*
autotest/ogr/data/kml,tests/ogr/data/kml,skip,*
autotest/ogr/data/lvbag,tests/ogr/data/lvbag,skip,*
autotest/ogr/data/mapml,tests/ogr/data/mapml,skip,*
autotest/ogr/data/mdb,tests/ogr/data/mdb,skip,*
autotest/ogr/data/mitab,tests/ogr/data/mitab,skip,*
autotest/ogr/data/mvt,tests/ogr/data/mvt,skip,*
autotest/ogr/data/mvt/datatypes,tests/ogr/data/mvt/datatypes,skip,*
autotest/ogr/data/mvt/datatypes/0,tests/ogr/data/mvt/datatypes/0,skip,*
autotest/ogr/data/mvt/datatypes/0/0,tests/ogr/data/mvt/datatypes/0/0,skip,*
autotest/ogr/data/mvt/linestring,tests/ogr/data/mvt/linestring,skip,*
autotest/ogr/data/mvt/linestring/0,tests/ogr/data/mvt/linestring/0,skip,*
autotest/ogr/data/mvt/linestring/0/0,tests/ogr/data/mvt/linestring/0/0,skip,*
autotest/ogr/data/mvt/linestring_tilejson_gl,tests/ogr/data/mvt/linestring_tilejson_gl,skip,*
autotest/ogr/data/mvt/linestring_tilejson_gl/0,tests/ogr/data/mvt/linestring_tilejson_gl/0,skip,*
autotest/ogr/data/mvt/linestring_tilejson_gl/0/0,tests/ogr/data/mvt/linestring_tilejson_gl/0/0,skip,*
autotest/ogr/data/mvt/mixed,tests/ogr/data/mvt/mixed,skip,*
autotest/ogr/data/mvt/mixed/0,tests/ogr/data/mvt/mixed/0,skip,*
autotest/ogr/data/mvt/mixed/0/0,tests/ogr/data/mvt/mixed/0/0,skip,*
autotest/ogr/data/mvt/multilinestring,tests/ogr/data/mvt/multilinestring,skip,*
autotest/ogr/data/mvt/multilinestring/0,tests/ogr/data/mvt/multilinestring/0,skip,*
autotest/ogr/data/mvt/multilinestring/0/0,tests/ogr/data/mvt/multilinestring/0/0,skip,*
autotest/ogr/data/mvt/point_polygon,tests/ogr/data/mvt/point_polygon,skip,*
autotest/ogr/data/mvt/point_polygon/0,tests/ogr/data/mvt/point_polygon/0,skip,*
autotest/ogr/data/mvt/point_polygon/0/0,tests/ogr/data/mvt/point_polygon/0/0,skip,*
autotest/ogr/data/mvt/point_polygon/1,tests/ogr/data/mvt/point_polygon/1,skip,*
autotest/ogr/data/mvt/point_polygon/1/0,tests/ogr/data/mvt/point_polygon/1/0,skip,*
autotest/ogr/data/mvt/point_polygon/1/1,tests/ogr/data/mvt/point_polygon/1/1,skip,*
autotest/ogr/data/mvt/polygon,tests/ogr/data/mvt/polygon,skip,*
autotest/ogr/data/mvt/polygon/0,tests/ogr/data/mvt/polygon/0,skip,*
autotest/ogr/data/mvt/polygon/0/0,tests/ogr/data/mvt/polygon/0/0,skip,*
autotest/ogr/data/nas,tests/ogr/data/nas,skip,*
autotest/ogr/data/oapif,tests/ogr/data/oapif,skip,*
autotest/ogr/data/ods,tests/ogr/data/ods,skip,*
autotest/ogr/data/osm,tests/ogr/data/osm,skip,*
autotest/ogr/data/parquet,tests/ogr/data/parquet,skip,*
autotest/ogr/data/pdf,tests/ogr/data/pdf,skip,*
autotest/ogr/data/pds,tests/ogr/data/pds,skip,*
autotest/ogr/data/pds4,tests/ogr/data/pds4,skip,*
autotest/ogr/data/pgeo,tests/ogr/data/pgeo,skip,*
autotest/ogr/data/pydrivers,tests/ogr/data/pydrivers,skip,*
autotest/ogr/data/pydrivers/missingidentify,tests/ogr/data/pydrivers/missingidentify,skip,*
autotest/ogr/data/pydrivers/missingmetadata,tests/ogr/data/pydrivers/missingmetadata,skip,*
autotest/ogr/data/pydrivers/nodriverclass,tests/ogr/data/pydrivers/nodriverclass,skip,*
autotest/ogr/data/pydrivers/unsupportedapiversion,tests/ogr/data/pydrivers/unsupportedapiversion,skip,*
autotest/ogr/data/s57,tests/ogr/data/s57,skip,*
autotest/ogr/data/sdts,tests/ogr/data/sdts,skip,*
autotest/ogr/data/sdts/D3607551_rd0s_1_sdts_truncated,tests/ogr/data/sdts/D3607551_rd0s_1_sdts_truncated,skip,*
autotest/ogr/data/segp1,tests/ogr/data/segp1,skip,*
autotest/ogr/data/shp,tests/ogr/data/shp,skip,*
autotest/ogr/data/shp/testshp,tests/ogr/data/shp/testshp,skip,*
autotest/ogr/data/sosi,tests/ogr/data/sosi,skip,*
autotest/ogr/data/sqlite,tests/ogr/data/sqlite,skip,*
autotest/ogr/data/svg,tests/ogr/data/svg,skip,*
autotest/ogr/data/sxf,tests/ogr/data/sxf,skip,*
autotest/ogr/data/testfgb,tests/ogr/data/testfgb,skip,*
autotest/ogr/data/testfgb/wfs,tests/ogr/data/testfgb/wfs,skip,*
autotest/ogr/data/topojson,tests/ogr/data/topojson,skip,*
autotest/ogr/data/vdv,tests/ogr/data/vdv,skip,*
autotest/ogr/data/vfk,tests/ogr/data/vfk,skip,*
autotest/ogr/data/vm2alv2_texash,tests/ogr/data/vm2alv2_texash,skip,*
autotest/ogr/data/vm2alv2_texash/texash,tests/ogr/data/vm2alv2_texash/texash,skip,*
autotest/ogr/data/vm2alv2_texash/texash/bnd,tests/ogr/data/vm2alv2_texash/texash/bnd,skip,*
autotest/ogr/data/vm2alv2_texash/texash/bnd/f,tests/ogr/data/vm2alv2_texash/texash/bnd/f,skip,*
autotest/ogr/data/vm2alv2_texash/texash/bnd/f/j,tests/ogr/data/vm2alv2_texash/texash/bnd/f/j,skip,*
autotest/ogr/data/vm2alv2_texash/texash/bnd/f/j/hb,tests/ogr/data/vm2alv2_texash/texash/bnd/f/j/hb,skip,*
autotest/ogr/data/vm2alv2_texash/texash/bnd/f/j/hb/1500,tests/ogr/data/vm2alv2_texash/texash/bnd/f/j/hb/1500,skip,*
autotest/ogr/data/vm2alv2_texash/texash/tileref,tests/ogr/data/vm2alv2_texash/texash/tileref,skip,*
autotest/ogr/data/vrt,tests/ogr/data/vrt,skip,*
autotest/ogr/data/wfs,tests/ogr/data/wfs,skip,*
autotest/ogr/data/wkb_wkt,tests/ogr/data/wkb_wkt,skip,*
autotest/ogr/data/xls,tests/ogr/data/xls,skip,*
autotest/ogr/data/xlsx,tests/ogr/data/xlsx,skip,*
autotest/ogr/tmp,tests/ogr/tmp,skip,*
autotest/osr,tests/osr,skip,py
autotest/osr/data,tests/osr/data,skip,*
autotest/pymod,tests/pymod,skip,py
autotest/pyscripts,tests/pyscripts,skip,*
autotest/pyscripts/data,tests/pyscripts/data,skip,*
autotest/pyscripts/tmp,tests/pyscripts/tmp,skip,*
autotest/utilities,tests/utilities,skip,py
autotest/utilities/data,tests/utilities/data,skip,*
autotest/utilities/ref_data,tests/utilities/ref_data,skip,*
autotest/utilities/tmp,tests/utilities/tmp,skip,*
alg,alg,,gdallinearsystem.h
alg,core/alg,,"cpp,h,c,hpp"
alg/internal_libqhull,,skip,
alg/marching_squares,core/alg/marching_squares,,"cpp,h,c,hpp"
apps,apps,,"cpp,h,c,hpp"
apps,docs/apps,skip,"dox,Doxyfile"
ci,,skip,
data,data,,"json,png,svg,rsc,cpp,h,csv,wkt,xml,xsd,gfs,ini,txt,dxf,dgn"
doc,docs/doc,skip,"dox,Doxyfile,html"
gdal,docs,,"COMMITERS,NEWS,LICENSE.TXT"
data,docs/data,skip,png
doc/images/grid,docs/doc/grid,skip,"dox,Doxyfile,eps,png"
doc/images/grid/src,docs/doc/grid/src,skip,"tex,mp"
doc/images,docs/doc/images,skip,"png,jpg"
frmts,drivers,,"cpp,h,c,hpp"
frmts,docs/frmts,skip,"dox,Doxyfile"
docker,docker,skip,
frmts/aaigrid,drivers/raster/aaigrid,,"cpp,h,c,hpp"
frmts/adrg,drivers/raster/adrg,,"cpp,h,c,hpp"
frmts/aigrid,drivers/raster/aigrid,,"cpp,h,c,hpp"
frmts/airsar,drivers/raster/airsar,,"cpp,h,c,hpp"
frmts/arg,drivers/raster/arg,,"cpp,h,c,hpp"
frmts/blx,drivers/raster/blx,,"cpp,h,c,hpp"
frmts/bmp,drivers/raster/bmp,,"cpp,h,c,hpp"
frmts/bsb,drivers/raster/bsb,,"cpp,h,c,hpp"
frmts/cals,drivers/raster/cals,,"cpp,h,c,hpp"
frmts/ceos,drivers/raster/ceos,,"cpp,h,c,hpp"
frmts/ceos2,drivers/raster/ceos2,,"cpp,h,c,hpp"
frmts/coasp,drivers/raster/coasp,,"cpp,h,c,hpp"
frmts/cosar,drivers/raster/cosar,,"cpp,h,c,hpp"
frmts/ctg,drivers/raster/ctg,,"cpp,h,c,hpp"
frmts/daas,drivers/raster/daas,,"cpp,h,c,hpp"
frmts/dds,drivers/raster/dds,,"cpp,h,c,hpp"
frmts/derived,drivers/raster/derived,,"cpp,h,c,hpp"
frmts/dimap,drivers/raster/dimap,,"cpp,h,c,hpp"
frmts/dted,drivers/raster/dted,,"cpp,h,c,hpp"
frmts/e00grid,drivers/raster/e00grid,,"cpp,h,c,hpp"
frmts/ecw,drivers/raster/ecw,,"cpp,h,c,hpp"
frmts/eeda,drivers/raster/eeda,,"cpp,h,c,hpp"
frmts/elas,drivers/raster/elas,,"cpp,h,c,hpp"
frmts/envisat,drivers/raster/envisat,,"cpp,h,c,hpp"
frmts/ers,drivers/raster/ers,,"cpp,h,c,hpp"
frmts/esric,drivers/raster/esric,,"cpp,h,c,hpp"
frmts/exr,drivers/raster/exr,,"cpp,h,c,hpp"
frmts/fit,drivers/raster/fit,,"cpp,h,c,hpp"
frmts/fits,drivers/raster/fits,,"cpp,h,c,hpp"
frmts/georaster,drivers/raster/georaster,,"cpp,h,c,hpp"
frmts/gff,drivers/raster/gff,,"cpp,h,c,hpp"
frmts/gif,drivers/raster/gif,,"cpp,h,c,hpp"
frmts/gif/giflib,,skip,
frmts/grib,drivers/raster/grib,,"cpp,h,c,hpp"
frmts/grib/degrib/degrib,drivers/raster/grib/degrib/degrib,,"cpp,h,c,hpp"
frmts/grib/degrib/g2clib,drivers/raster/grib/degrib/g2clib,,"cpp,h,c,hpp"
frmts/gsg,drivers/raster/gsg,,"cpp,h,c,hpp"
frmts/gta,drivers/raster/gta,,"cpp,h,c,hpp"
frmts/gtiff,drivers/raster/gtiff,,"cpp,h,c,hpp,inc"
frmts/gtiff/libgeotiff,,skip,
frmts/gtiff/libtiff,,skip,
frmts/gxf,drivers/raster/gxf,,"cpp,h,c,hpp"
frmts/hdf4,drivers/raster/hdf4,,"cpp,h,c,hpp"
frmts/hdf4/hdf-eos,drivers/raster/hdf4/hdf-eos,,"cpp,h,c,hpp"
frmts/hdf5,drivers/raster/hdf5,,"cpp,h,c,hpp"
frmts/heif,drivers/raster/heif,,"cpp,h,c,hpp"
frmts/hf2,drivers/raster/hf2,,"cpp,h,c,hpp"
frmts/hfa,drivers/raster/hfa,,"cpp,h,c,hpp"
frmts/idrisi,drivers/raster/idrisi,,"cpp,h,c,hpp"
frmts/ilwis,drivers/raster/ilwis,,"cpp,h,c,hpp"
frmts/iris,drivers/raster/iris,,"cpp,h,c,hpp"
frmts/jaxapalsar,drivers/raster/jaxapalsar,,"cpp,h,c,hpp"
frmts/jdem,drivers/raster/jdem,,"cpp,h,c,hpp"
frmts/jp2kak,drivers/raster/jp2kak,,"cpp,h,c,hpp"
frmts/jp2lura,drivers/raster/jp2lura,,"cpp,h,c,hpp"
frmts/jpeg,drivers/raster/jpeg,,"cpp,h,c,hpp"
frmts/jpeg/libjpeg,,skip,
frmts/jpeg/libjpeg12,,skip,
frmts/jpipkak,drivers/raster/jpipkak,,"cpp,h,c,hpp"
frmts/kea,drivers/raster/kea,,"cpp,h,c,hpp"
frmts/kmlsuperoverlay,drivers/raster/kmlsuperoverlay,,"cpp,h,c,hpp"
frmts/l1b,drivers/raster/l1b,,"cpp,h,c,hpp"
frmts/leveller,drivers/raster/leveller,,"cpp,h,c,hpp"
frmts/map,drivers/raster/map,,"cpp,h,c,hpp"
frmts/mbtiles,drivers/raster/mbtiles,,"cpp,h,c,hpp"
frmts/mem,drivers/raster/mem,,"cpp,h,c,hpp"
frmts/mrf,drivers/raster/mrf,,"cpp,h,c,hpp"
frmts/mrf/LERCV1,drivers/raster/mrf/LERCV1,,"cpp,h,c,hpp,TXT"
frmts/mrsid,drivers/raster/mrsid,,"cpp,h,c,hpp"
frmts/msg,drivers/raster/msg,,"cpp,h,c,hpp"
frmts/msgn,drivers/raster/msgn,,"cpp,h,c,hpp"
frmts/netcdf,drivers/raster/netcdf,,"cpp,h,c,hpp"
frmts/ngsgeoid,drivers/raster/ngsgeoid,,"cpp,h,c,hpp"
frmts/nitf,drivers/raster/nitf,,"cpp,h,c,hpp"
frmts/northwood,drivers/raster/northwood,,"cpp,h,c,hpp"
frmts/null,drivers/common/null,,cpp
frmts/o,,skip,
frmts/ogcapi,drivers/common/ogcapi,,cpp
frmts/openjpeg,drivers/raster/openjpeg,,"cpp,h,c,hpp"
frmts/ozi,drivers/raster/ozi,,"cpp,h,c,hpp"
frmts/pcidsk,drivers/raster/pcidsk,,"cpp,h,c,hpp"
frmts/pcidsk/sdk,drivers/raster/pcidsk/sdk,,"cpp,h,c,hpp"
frmts/pcidsk/sdk/blockdir,drivers/raster/pcidsk/sdk/blockdir,,"cpp,h,c,hpp"
frmts/pcidsk/sdk/channel,drivers/raster/pcidsk/sdk/channel,,"cpp,h,c,hpp"
frmts/pcidsk/sdk/core,drivers/raster/pcidsk/sdk/core,,"cpp,h,c,hpp"
frmts/pcidsk/sdk/port,drivers/raster/pcidsk/sdk/port,,"cpp,h,c,hpp"
frmts/pcidsk/sdk/raster,drivers/raster/pcidsk/sdk/raster,,"cpp,h,c,hpp"
frmts/pcidsk/sdk/segment,drivers/raster/pcidsk/sdk/segment,,"cpp,h,c,hpp"
frmts/pcraster,drivers/raster/pcraster,,"cpp,h,c,hpp"
frmts/pcraster/libcsf,drivers/raster/pcraster/libcsf,,"cpp,h,c,hpp"
frmts/pdf,drivers/raster/pdf,,"cpp,h,c,hpp"
frmts/pds,drivers/raster/pds,,"cpp,h,c,hpp"
frmts/plmosaic,drivers/raster/plmosaic,,"cpp,h,c,hpp"
frmts/png,drivers/raster/png,,"cpp,h,c,hpp"
frmts/png/libpng,,skip,
frmts/postgisraster,drivers/raster/postgisraster,,"cpp,h,c,hpp"
frmts/prf,drivers/raster/prf,,"cpp,h,c,hpp"
frmts/r,drivers/raster/r,,"cpp,h,c,hpp"
frmts/rasdaman,drivers/raster/rasdaman,,"cpp,h,c,hpp"
frmts/rasterlite,drivers/raster/rasterlite,,"cpp,h,c,hpp"
frmts/raw,drivers/raster/raw,,"cpp,h,c,hpp"
frmts/rdb,drivers/raster/rdb,,"cpp,hpp"
frmts/rik,drivers/raster/rik,,"cpp,h,c,hpp"
frmts/rmf,drivers/raster/rmf,,"cpp,h,c,hpp"
frmts/rs2,drivers/raster/rs2,,"cpp,h,c,hpp"
frmts/safe,drivers/raster/safe,,"cpp,h,c,hpp"
frmts/saga,drivers/raster/saga,,"cpp,h,c,hpp"
frmts/sentinel2,drivers/raster/sentinel2,,"cpp,h,c,hpp"
frmts/sgi,drivers/raster/sgi,,"cpp,h,c,hpp"
frmts/sigdem,drivers/raster/sigdem,,"cpp,h,c,hpp"
frmts/srtmhgt,drivers/raster/srtmhgt,,"cpp,h,c,hpp"
frmts/stacit,drivers/raster/stacit,,"cpp,h,c,hpp"
frmts/stacta,drivers/raster/stacta,,"cpp,h,c,hpp"
frmts/terragen,drivers/raster/terragen,,"cpp,h,c,hpp"
frmts/til,drivers/raster/til,,"cpp,h,c,hpp"
frmts/tiledb,drivers/raster/tiledb,,"cpp,h,c,hpp"
frmts/tsx,drivers/raster/tsx,,"cpp,h,c,hpp"
frmts/usgsdem,drivers/raster/usgsdem,,"cpp,h,c,hpp"
frmts/vrt,drivers/raster/vrt,,"cpp,h,c,hpp"
frmts/wcs,drivers/raster/wcs,,"cpp,h,c,hpp"
frmts/webp,drivers/raster/webp,,"cpp,h,c,hpp"
frmts/wms,drivers/raster/wms,,"cpp,h,c,hpp"
frmts/wms,core/frmts/wms,,h
frmts/wmts,drivers/raster/wmts,,"cpp,h,c,hpp"
frmts/xpm,drivers/raster/xpm,,"cpp,h,c,hpp"
frmts/xyz,drivers/raster/xyz,,"cpp,h,c,hpp"
frmts/zarr,drivers/raster/zarr,,"cpp,h,c,hpp"
frmts/zlib,,skip,
frmts/zmap,drivers/raster/zmap,,"cpp,h,c,hpp"
frmts/iso8211,core/lib/iso8211,,"cpp,h,c,hpp"
frmts/sdts,core/lib/sdts,,"cpp,h,c,hpp"
fuzzers,,skip,
gcore,core/gcore,,"cpp,h,c,hpp,rc,in"
gcore,docs/gcore,skip,"dox,Doxyfile"
gcore/mdreader,core/gcore/mdreader,,"cpp,h,c,hpp"
gnm,core/gnm,,"cpp,h,c,hpp"
gnm,docs/gnm,,"dox,Doxyfile"
gnm/gnm_frmts,drivers,,"cpp,h,c,hpp"
gnm/gnm_frmts/db,drivers/network/db,,"cpp,h,c,hpp"
gnm/gnm_frmts/file,drivers/network/file,,"cpp,h,c,hpp"
gnm/gnm_frmts/o,,skip,
m4,,skip,
/man/man1,docs/man/man1,,1
ogr,core/ogr,,"cpp,h,c,hpp,y"
ogr,docs/ogr,skip,"dox,Doxyfile"
ogr/ogrsf_frmts,docs/ogr,skip,dox
ogr/ogrsf_frmts,drivers,,"cpp,h,c,hpp"
ogr/ogrsf_frmts/amigocloud,drivers/vector/amigocloud,,"cpp,h,c,hpp"
ogr/ogrsf_frmts/arrow,drivers/vector/arrow,,"cpp,h,c,hpp"
ogr/ogrsf_frmts/arrow_common,drivers/vector/arrow_common,,"cpp,h,c,hpp"
ogr/ogrsf_frmts/avc,drivers/vector/avc,,"cpp,h,c,hpp"
ogr/ogrsf_frmts/cad,drivers/common/cad,,"cpp,h,c,hpp"
ogr/ogrsf_frmts/cad/libopencad,,skip,
ogr/ogrsf_frmts/carto,drivers/vector/carto,,"cpp,h,c,hpp"
ogr/ogrsf_frmts/csv,drivers/vector/csv,,"cpp,h,c,hpp"
ogr/ogrsf_frmts/csw,drivers/vector/csw,,"cpp,h,c,hpp"
ogr/ogrsf_frmts/dgn,drivers/vector/dgn,,"cpp,h,c,hpp"
ogr/ogrsf_frmts/dgn/dist,drivers/vector/dgn/dist,skip,
ogr/ogrsf_frmts/dgn/web,drivers/vector/dgn/web,,html
ogr/ogrsf_frmts/dwg,drivers/vector/dwg,skip,"cpp,h,c,hpp"
ogr/ogrsf_frmts/dxf,drivers/vector/dxf,,"cpp,h,c,hpp"
ogr/ogrsf_frmts/edigeo,drivers/vector/edigeo,,"cpp,h,c,hpp"
ogr/ogrsf_frmts/elastic,drivers/vector/elastic,,"cpp,h,c,hpp"
ogr/ogrsf_frmts/filegdb,drivers/vector/filegdb,,"cpp,h,c,hpp"
ogr/ogrsf_frmts/flatgeobuf,drivers/vector/flatgeobuf,,"cpp,h,c,hpp"
ogr/ogrsf_frmts/generic,drivers,,"cpp,h,c,hpp"
ogr/ogrsf_frmts/geoconcept,drivers/vector/geoconcept,,"cpp,h,c,hpp"
ogr/ogrsf_frmts/geojson,drivers/vector/geojson,,"cpp,h,c,hpp"
ogr/ogrsf_frmts/geojson/libjson,,skip,
ogr/ogrsf_frmts/georss,drivers/vector/georss,,"cpp,h,c,hpp"
ogr/ogrsf_frmts/gml,drivers/vector/gml,,"cpp,h,c,hpp"
ogr/ogrsf_frmts/gmlas,drivers/vector/gmlas,,"cpp,h,c,hpp"
ogr/ogrsf_frmts/gmt,drivers/vector/gmt,,"cpp,h,c,hpp"
ogr/ogrsf_frmts/gpkg,drivers/common/gpkg,,"cpp,h,c,hpp"
ogr/ogrsf_frmts/gpsbabel,drivers/vector/gpsbabel,,"cpp,h,c,hpp"
ogr/ogrsf_frmts/gpx,drivers/vector/gpx,,"cpp,h,c,hpp"
ogr/ogrsf_frmts/hana,drivers/vector/hana,,"cpp,h,c,hpp"
ogr/ogrsf_frmts/idb,drivers/vector/idb,,"cpp,h,c,hpp"
ogr/ogrsf_frmts/idrisi,drivers/vector/idrisi,,"cpp,h,c,hpp"
ogr/ogrsf_frmts/ili,drivers/vector/ili,,"cpp,h,c,hpp"
ogr/ogrsf_frmts/jml,drivers/vector/jml,,"cpp,h,c,hpp"
ogr/ogrsf_frmts/kml,drivers/vector/kml,,"cpp,h,c,hpp"
ogr/ogrsf_frmts/libkml,drivers/vector/libkml,,"cpp,h,c,hpp"
ogr/ogrsf_frmts/mem,drivers/vector/mem,,"cpp,h,c,hpp"
ogr/ogrsf_frmts/mitab,drivers/vector/mitab,,"cpp,h,c,hpp"
ogr/ogrsf_frmts/mitab,core/ogr/ogrsf_frmts/mitab,,h
ogr/ogrsf_frmts/mongodbv3,drivers/vector/mongodbv3,,"cpp,h,c,hpp"
ogr/ogrsf_frmts/mssqlspatial,drivers/vector/mssqlspatial,,"cpp,h,c,hpp"
ogr/ogrsf_frmts/mvt,drivers/vector/mvt,,"cpp,h,c,hpp"
ogr/ogrsf_frmts/mysql,drivers/vector/mysql,,"cpp,h,c,hpp"
ogr/ogrsf_frmts/nas,drivers/vector/nas,,"cpp,h,c,hpp"
ogr/ogrsf_frmts/ngw,drivers/common/ngw,,"cpp,h,c,hpp"
ogr/ogrsf_frmts/ntf,drivers/vector/ntf,,"cpp,h,c,hpp"
ogr/ogrsf_frmts/o,,skip,
ogr/ogrsf_frmts/oci,drivers/vector/oci,,"cpp,h,c,hpp"
ogr/ogrsf_frmts/odbc,drivers/vector/odbc,,"cpp,h,c,hpp"
ogr/ogrsf_frmts/ods,drivers/vector/ods,,"cpp,h,c,hpp"
ogr/ogrsf_frmts/ogdi,drivers/vector/ogdi,,"cpp,h,c,hpp"
ogr/ogrsf_frmts/openfilegdb,drivers/vector/openfilegdb,,"cpp,h,c,hpp"
ogr/ogrsf_frmts/osm,drivers/vector/osm,,"cpp,h,c,hpp"
ogr/ogrsf_frmts/parquet,drivers/vector/parquet,,"cpp,h,c,hpp"
ogr/ogrsf_frmts/pds,drivers/vector/pds,,"cpp,h,c,hpp"
ogr/ogrsf_frmts/pg,drivers/vector/pg,,"cpp,h,c,hpp"
ogr/ogrsf_frmts/pgdump,drivers/vector/pgdump,,"cpp,h,c,hpp"
ogr/ogrsf_frmts/pgeo,drivers/vector/pgeo,,"cpp,h,c,hpp"
ogr/ogrsf_frmts/plscenes,drivers/common/plscenes,,"cpp,h,c,hpp"
ogr/ogrsf_frmts/s57,drivers/vector/s57,,"cpp,h,c,hpp"
ogr/ogrsf_frmts/sdts,drivers/vector/sdts,,"cpp,h,c,hpp"
ogr/ogrsf_frmts/selafin,drivers/vector/selafin,,"cpp,h,c,hpp"
ogr/ogrsf_frmts/shape,drivers/vector/shape,,"cpp,h,c,hpp"
ogr/ogrsf_frmts/sosi,drivers/vector/sosi,,"cpp,h,c,hpp"
ogr/ogrsf_frmts/sqlite,drivers/vector/sqlite,,"cpp,h,c,hpp"
ogr/ogrsf_frmts/svg,drivers/vector/svg,,"cpp,h,c,hpp"
ogr/ogrsf_frmts/sxf,drivers/vector/sxf,,"cpp,h,c,hpp"
ogr/ogrsf_frmts/tiger,drivers/vector/tiger,,"cpp,h,c,hpp"
ogr/ogrsf_frmts/vdv,drivers/vector/vdv,,"cpp,h,c,hpp"
ogr/ogrsf_frmts/vfk,drivers/vector/vfk,,"cpp,h,c,hpp"
ogr/ogrsf_frmts/vrt,drivers/vector/vrt,,"cpp,h,c,hpp"
ogr/ogrsf_frmts/wasp,drivers/vector/wasp,,"cpp,h,c,hpp"
ogr/ogrsf_frmts/wfs,drivers/vector/wfs,,"cpp,h,c,hpp"
ogr/ogrsf_frmts/xls,drivers/vector/xls,,"cpp,h,c,hpp"
ogr/ogrsf_frmts/xlsx,drivers/vector/xlsx,,"cpp,h,c,hpp"
port,core/port,,"cpp,h,c,hpp"
port,docs/port,skip,"dox,Doxyfile"
scripts,opt,skip,"cpp,h,c,hpp"
scripts/vagrant,opt/vagrant,skip,sh
swig,bindings,skip,
swig/csharp,bindings/csharp,skip,cs
swig/csharp/apps,bindings/csharp/apps,skip,cs
swig/csharp/const,bindings/csharp/const,skip,
swig/csharp/gdal,bindings/csharp/gdal,skip,
swig/csharp/ogr,bindings/csharp/ogr,skip,
swig/csharp/osr,bindings/csharp/osr,skip,
swig/include,bindings/include,,i
swig/include/csharp,bindings/include/csharp,skip,i
swig/include/java,bindings/include/java,skip,i
swig/include/python,bindings/include/python,,i
swig/include/python/docs,bindings/include/python/docs,,"i,py"
swig/java,bindings/java,skip,"java,html,xml"
swig/java/apps,bindings/java/apps,skip,"java,html,xml"
swig/java/const,bindings/java/const,skip,"java,html,xml"
swig/java/gdal,bindings/java/gdal,skip,"java,html,xml"
swig/java/ogr,bindings/java/ogr,skip,"java,html,xml"
swig/java/osr,bindings/java/osr,skip,"java,html,xml"
swig/java/test_data,bindings/java/test_data,skip,"tif,dbf,shp,shx"
swig/python,bindings/python,,"cpp,h,txt,py,conf,cfg,rst"
swig/python/extensions,bindings/python/extensions,,"cpp,h,c,hpp"
swig/python/osgeo,bindings/python/osgeo,,py
swig/python/osgeo,bindings/python/,,py
swig/python/gdal-utils/osgeo_utils,bindings/python/osgeo/utils,,py
swig/python/gdal-utils/osgeo_utils/samples,bindings/python/osgeo/utils,,py
swig/python/gdal-utils/osgeo_utils/samples,bindings/python/samples,,py
swig/python/gdal-utils,bindings/python/gdal-utils,,py
swig/python/gdal-utils/osgeo_utils,bindings/python/gdal-utils/osgeo_utils,,py
swig/python/gdal-utils/osgeo_utils/auxiliary,bindings/python/gdal-utils/osgeo_utils/auxiliary,,py
swig/python/gdal-utils/osgeo_utils/samples,bindings/python/gdal-utils/osgeo_utils/samples,,py
swig/python/gdal-utils/scripts,bindings/python/gdal-utils/scripts,,py
frmts/vrt,core/frmts/vrt,,h
frmts/mem,core/frmts/mem,,h
frmts/gtiff,core/frmts/gtiff,,h
ogr/ogrsf_frmts/,core/ogr/ogrsf_frmts,,h
ogr/ogrsf_frmts/mem/,core/ogr/ogrsf_frmts/mem/,,h
ogr/ogrsf_frmts/generic/,core/ogr/ogrsf_frmts/generic/,,h
ogr/ogrsf_frmts/geojson/,core/ogr/ogrsf_frmts/geojson/,,h
ogr/ogrsf_frmts/vrt/,core/ogr/ogrsf_frmts/vrt/,,h
frmts/derived,core/frmts/derived,,h
third_party/LercLib,core/lib/LercLib,,"h,cpp"
